,fruit_label ,fruit_name ,fruit_subtype ,mass ,width ,height ,color_score 
0,1,apple ,granny_smith ,192,8.4,7.3,0.55
1,1,apple ,granny_smith ,180,8,6.8,0.59
2,1,apple ,granny_smith ,176,7.4,7.2,0.6
8,1,apple ,braeburn ,178,7.1,7.8,0.92
9,1,apple ,braeburn ,172,7.4,7,0.89
,fruit_label ,fruit_name ,fruit_subtype ,mass ,width ,height ,color_score 
3,2,mandarin ,mandarin ,86,6.2,4.7,0.8
4,2,mandarin ,mandarin ,84,6,4.6,0.79
5,2,mandarin ,mandarin ,80,5.8,4.3,0.77
6,2,mandarin ,mandarin ,80,5.9,4.3,0.81
7,2,mandarin ,mandarin ,76,5.8,4,0.81
,fruit_label ,fruit_name ,fruit_subtype ,mass ,width ,height ,color_score 
24,3,orange ,spanish_jumbo ,342,9,9.4,0.75
25,3,orange ,spanish_jumbo ,356,9.2,9.2,0.75
26,3,orange ,spanish_jumbo ,362,9.6,9.2,0.74
27,3,orange ,elected_seconds ,204,7.5,9.2,0.77
28,3,orange ,elected_seconds ,140,6.7,7.1,0.72
,fruit_label ,fruit_name ,fruit_subtype ,mass ,width ,height ,color_score 
43,4,lemon ,spanish_belsan ,194,7.2,10.3,0.7
44,4,lemon ,spanish_belsan ,200,7.3,10.5,0.72
45,4,lemon ,spanish_belsan ,186,7.2,9.2,0.72
46,4,lemon ,spanish_belsan ,216,7.3,10.2,0.71
47,4,lemon ,spanish_belsan ,196,7.3,9.7,0.72
